<?xml version="1.0" encoding="utf-8"?>
<info>
                                <name>Group</name>
                                <key>Group</key>
                                <version>2.2.0</version>
                                <description>Group plugin</description>
                                <author>mooSocial</author>
                                <website>https://www.moosocial.com/</website>
                                <menu>mooSocial</menu>
                                <url/>
                                <icon_class/>
                                <bootstrap>1</bootstrap>
                                <routes>1</routes>
                            <settings><setting><label>Item per pages</label><name>group_item_per_pages</name><description></description><type>text</type><values>10</values></setting><setting><label>Enable Group Plugin</label><name>group_enabled</name><description></description><type>radio</type><values><value><name>Disable</name><value>0</value><select>0</select></value><value><name>Enable</name><value>1</value><select>1</select></value></values></setting></settings></info>
